<?xml version="1.0" encoding="UTF-8" standalone="yes"?>
<w:document xmlns:wpc="http://schemas.microsoft.com/office/word/2010/wordprocessingCanvas" xmlns:mc="http://schemas.openxmlformats.org/markup-compatibility/2006" xmlns:o="urn:schemas-microsoft-com:office:office" xmlns:r="http://schemas.openxmlformats.org/officeDocument/2006/relationships" xmlns:m="http://schemas.openxmlformats.org/officeDocument/2006/math" xmlns:v="urn:schemas-microsoft-com:vml" xmlns:wp14="http://schemas.microsoft.com/office/word/2010/wordprocessingDrawing" xmlns:wp="http://schemas.openxmlformats.org/drawingml/2006/wordprocessingDrawing" xmlns:w10="urn:schemas-microsoft-com:office:word" xmlns:w="http://schemas.openxmlformats.org/wordprocessingml/2006/main" xmlns:w14="http://schemas.microsoft.com/office/word/2010/wordml" xmlns:w15="http://schemas.microsoft.com/office/word/2012/wordml" xmlns:wpg="http://schemas.microsoft.com/office/word/2010/wordprocessingGroup" xmlns:wpi="http://schemas.microsoft.com/office/word/2010/wordprocessingInk" xmlns:wne="http://schemas.microsoft.com/office/word/2006/wordml" xmlns:wps="http://schemas.microsoft.com/office/word/2010/wordprocessingShape" mc:Ignorable="w14 w15 wp14"><w:body><w:p w14:paraId="6CFF122B" w14:textId="3728FB70" w:rsidR="004613B7" w:rsidRDefault="005927DD" w:rsidP="005927DD"><w:pPr><w:tabs><w:tab w:val="left" w:pos="5355"/></w:tabs><w:jc w:val="center"/><w:rPr><w:b/><w:bCs/><w:sz w:val="48"/><w:szCs w:val="48"/></w:rPr></w:pPr><w:r><w:rPr><w:b/><w:bCs/><w:sz w:val="48"/><w:szCs w:val="48"/></w:rPr><w:t>Android</w:t></w:r><w:r w:rsidR="004613B7"><w:rPr><w:b/><w:bCs/><w:sz w:val="48"/><w:szCs w:val="48"/></w:rPr><w:t xml:space="preserve"> </w:t></w:r><w:r w:rsidR="00490D96"><w:rPr><w:b/><w:bCs/><w:sz w:val="48"/><w:szCs w:val="48"/></w:rPr><w:t>Accident Detection</w:t></w:r><w:r w:rsidR="00965F8B"><w:rPr><w:b/><w:bCs/><w:sz w:val="48"/><w:szCs w:val="48"/></w:rPr><w:t xml:space="preserve"> &amp; Alert</w:t></w:r><w:bookmarkStart w:id="0" w:name="_GoBack"/><w:bookmarkEnd w:id="0"/><w:r w:rsidR="00F572F2"><w:rPr><w:b/><w:bCs/><w:sz w:val="48"/><w:szCs w:val="48"/></w:rPr><w:t xml:space="preserve"> </w:t></w:r><w:r><w:rPr><w:b/><w:bCs/><w:sz w:val="48"/><w:szCs w:val="48"/></w:rPr><w:t>System</w:t></w:r></w:p><w:p w14:paraId="04E69D58" w14:textId="77777777" w:rsidR="004613B7" w:rsidRDefault="004613B7" w:rsidP="004613B7"><w:pPr><w:tabs><w:tab w:val="left" w:pos="5355"/></w:tabs><w:rPr><w:b/><w:bCs/><w:sz w:val="48"/><w:szCs w:val="48"/></w:rPr></w:pPr></w:p><w:p w14:paraId="1BBDD280" w14:textId="63EF5D7E" w:rsidR="00AB39A0" w:rsidRDefault="00490D96"><w:pPr><w:pStyle w:val="ListParagraph"/><w:numPr><w:ilvl w:val="0"/><w:numId w:val="1"/></w:numPr><w:rPr><w:b/><w:bCs/><w:i/><w:iCs/><w:sz w:val="32"/><w:szCs w:val="32"/><w:u w:val="single"/></w:rPr></w:pPr><w:r><w:rPr><w:b/><w:bCs/><w:i/><w:iCs/><w:sz w:val="32"/><w:szCs w:val="32"/><w:u w:val="single"/></w:rPr><w:t>Background/ Problem Statement</w:t></w:r></w:p><w:p w14:paraId="70E297CB" w14:textId="77777777" w:rsidR="00D839B3" w:rsidRDefault="00D839B3" w:rsidP="00D839B3"><w:pPr><w:pStyle w:val="ListParagraph"/><w:rPr><w:b/><w:bCs/><w:i/><w:iCs/><w:sz w:val="32"/><w:szCs w:val="32"/><w:u w:val="single"/></w:rPr></w:pPr></w:p><w:p w14:paraId="5D8FF978" w14:textId="77777777" w:rsidR="00D839B3" w:rsidRPr="00D839B3" w:rsidRDefault="00D839B3" w:rsidP="004613B7"><w:pPr><w:spacing w:after="200" w:line="276" w:lineRule="auto"/><w:ind w:left="360" w:firstLine="720"/><w:jc w:val="both"/><w:rPr><w:rFonts w:ascii="Calibri" w:hAnsi="Calibri" w:cs="Calibri"/><w:sz w:val="28"/></w:rPr></w:pPr><w:r w:rsidRPr="00D839B3"><w:rPr><w:rFonts w:ascii="Calibri" w:hAnsi="Calibri" w:cs="Calibri"/><w:sz w:val="28"/></w:rPr><w:t xml:space="preserve">Along with increasing demands for automobiles, a drastic increase can be seen in road accidents. As per data given by the WHO (https://www.who.int/news-room/fact-sheets/detail/road-traffic-injuries) 1.35 million people die every year due to road accidents. This number is sufficient enough to show the global crises of road safety &amp; creates a need to improve the road safety facilities &amp; rescue operation system. </w:t></w:r></w:p><w:p w14:paraId="5C414A2C" w14:textId="77625A51" w:rsidR="00AB39A0" w:rsidRPr="00D839B3" w:rsidRDefault="00D839B3" w:rsidP="004613B7"><w:pPr><w:spacing w:after="200" w:line="276" w:lineRule="auto"/><w:ind w:left="360" w:firstLine="720"/><w:jc w:val="both"/><w:rPr><w:rFonts w:ascii="Calibri" w:hAnsi="Calibri" w:cs="Calibri"/><w:sz w:val="28"/></w:rPr></w:pPr><w:r w:rsidRPr="00D839B3"><w:rPr><w:rFonts w:ascii="Calibri" w:hAnsi="Calibri" w:cs="Calibri"/><w:sz w:val="28"/></w:rPr><w:t>In most cases when a road accident occurs, the rescue team or the police authorities are not informed in time. Furthermore, the delay caused by the rescue team in reaching the accident site &amp; the heavy traffic congestion in between the accident location and the hospital facilities increases the risk of death for the victim. To overcome this issue, we have come up with this accident detection system which will help the victims get rescued well in time and reduce the risk of death caused by road accidents. The system includes a sensor, sound meter, GPS and GSM module. The sensors will detect the accident &amp; sound meters will trigger an alarm. The GPS will track the location coordinates and the GSM will send an alert notification to the nearby hospital &amp; police authorities. Thus, this system will send an instant alert to the nearby rescue team &amp; hospital facility to notify them of the accident occurred for them to take immediate actions.</w:t></w:r></w:p><w:p w14:paraId="4FC75360" w14:textId="77777777" w:rsidR="00AB39A0" w:rsidRDefault="00AB39A0"><w:pPr><w:rPr><w:rFonts w:eastAsia="Times New Roman" w:cs="Times New Roman"/><w:color w:val="000000" w:themeColor="text1"/><w:sz w:val="28"/><w:szCs w:val="28"/><w:lang w:eastAsia="en-IN"/></w:rPr></w:pPr></w:p><w:p w14:paraId="2CD6581A" w14:textId="77777777" w:rsidR="00AB39A0" w:rsidRDefault="00AB39A0"><w:pPr><w:rPr><w:rFonts w:eastAsia="Times New Roman" w:cs="Times New Roman"/><w:color w:val="000000" w:themeColor="text1"/><w:sz w:val="28"/><w:szCs w:val="28"/><w:lang w:eastAsia="en-IN"/></w:rPr></w:pPr></w:p><w:p w14:paraId="35FEA933" w14:textId="77777777" w:rsidR="00AB39A0" w:rsidRDefault="00AB39A0"><w:pPr><w:rPr><w:rFonts w:eastAsia="Times New Roman" w:cs="Times New Roman"/><w:color w:val="000000" w:themeColor="text1"/><w:sz w:val="28"/><w:szCs w:val="28"/><w:lang w:eastAsia="en-IN"/></w:rPr></w:pPr></w:p><w:p w14:paraId="05ADD582" w14:textId="3FE62B9A" w:rsidR="00AB39A0" w:rsidRDefault="00AB39A0"><w:pPr><w:rPr><w:rFonts w:eastAsia="Times New Roman" w:cs="Times New Roman"/><w:color w:val="000000" w:themeColor="text1"/><w:sz w:val="28"/><w:szCs w:val="28"/><w:lang w:eastAsia="en-IN"/></w:rPr></w:pPr></w:p><w:p w14:paraId="7C23794D" w14:textId="77777777" w:rsidR="00D839B3" w:rsidRDefault="00D839B3"><w:pPr><w:rPr><w:rFonts w:eastAsia="Times New Roman" w:cs="Times New Roman"/><w:color w:val="000000" w:themeColor="text1"/><w:sz w:val="28"/><w:szCs w:val="28"/><w:lang w:eastAsia="en-IN"/></w:rPr></w:pPr></w:p><w:p w14:paraId="78E496BE" w14:textId="77777777" w:rsidR="00AB39A0" w:rsidRDefault="00AB39A0"><w:pPr><w:rPr><w:rFonts w:eastAsia="Times New Roman" w:cs="Times New Roman"/><w:color w:val="000000" w:themeColor="text1"/><w:sz w:val="28"/><w:szCs w:val="28"/><w:lang w:eastAsia="en-IN"/></w:rPr></w:pPr></w:p><w:p w14:paraId="7477F1E7" w14:textId="77777777" w:rsidR="00AB39A0" w:rsidRDefault="00490D96"><w:pPr><w:pStyle w:val="ListParagraph"/><w:numPr><w:ilvl w:val="0"/><w:numId w:val="1"/></w:numPr><w:rPr><w:b/><w:bCs/><w:sz w:val="32"/><w:szCs w:val="32"/><w:u w:val="single"/></w:rPr></w:pPr><w:r><w:rPr><w:b/><w:bCs/><w:i/><w:iCs/><w:sz w:val="32"/><w:szCs w:val="32"/><w:u w:val="single"/></w:rPr><w:lastRenderedPageBreak/><w:t>Working of the Project</w:t></w:r></w:p><w:p w14:paraId="388826ED" w14:textId="77BDA999" w:rsidR="00AB39A0" w:rsidRDefault="00490D96" w:rsidP="006B512B"><w:pPr><w:spacing w:after="200" w:line="276" w:lineRule="auto"/><w:jc w:val="both"/><w:rPr><w:b/><w:bCs/><w:i/><w:iCs/><w:sz w:val="32"/><w:szCs w:val="32"/><w:u w:val="single"/></w:rPr></w:pPr><w:r><w:rPr><w:rFonts w:ascii="Calibri" w:hAnsi="Calibri" w:cs="Calibri"/><w:sz w:val="28"/></w:rPr><w:t>This Application aids in having a better coordination and keeps all the concerned bodies and authorities informed and alerts them quickly which also saves time in rescuing an accident patient. When a person meets an accident, he is usually not in a condition to interact with an application on his phone and ask for help. In such situation Acciden</w:t></w:r><w:r w:rsidR="006B512B"><w:rPr><w:rFonts w:ascii="Calibri" w:hAnsi="Calibri" w:cs="Calibri"/><w:sz w:val="28"/></w:rPr><w:t>t</w:t></w:r><w:r><w:rPr><w:rFonts w:ascii="Calibri" w:hAnsi="Calibri" w:cs="Calibri"/><w:sz w:val="28"/></w:rPr><w:t xml:space="preserve"> is detected automatically in user app based on sound reading and sensor reading, user app continuously senses for such accidents. App then quickly assigns and sends notification to the nearby Ambulance, nearby hospital and also the police informing in case of an accident detected. Ambulance then keep updating of the status of patient whether dropped to the hospital. Hospital can also update status if admitted to the hospital from their app. This helps in keeping the assigned hospital prepared and informed. Also</w:t></w:r><w:r w:rsidR="006B512B"><w:rPr><w:rFonts w:ascii="Calibri" w:hAnsi="Calibri" w:cs="Calibri"/><w:sz w:val="28"/></w:rPr><w:t>,</w:t></w:r><w:r><w:rPr><w:rFonts w:ascii="Calibri" w:hAnsi="Calibri" w:cs="Calibri"/><w:sz w:val="28"/></w:rPr><w:t xml:space="preserve"> the User details are shared with hospital and police which helps hospital to see the medical records of the patient and police gets to see required details of the user in an accident.</w:t></w:r></w:p><w:p w14:paraId="5A4A1D40" w14:textId="77777777" w:rsidR="00AB39A0" w:rsidRDefault="00AB39A0"><w:pPr><w:pStyle w:val="ListParagraph"/><w:ind w:left="360"/><w:rPr><w:b/><w:bCs/><w:i/><w:iCs/><w:sz w:val="32"/><w:szCs w:val="32"/><w:u w:val="single"/></w:rPr></w:pPr></w:p><w:p w14:paraId="68510134" w14:textId="77777777" w:rsidR="00AB39A0" w:rsidRDefault="00490D96"><w:pPr><w:pStyle w:val="ListParagraph"/><w:numPr><w:ilvl w:val="0"/><w:numId w:val="1"/></w:numPr><w:rPr><w:b/><w:bCs/><w:i/><w:iCs/><w:sz w:val="32"/><w:szCs w:val="32"/><w:u w:val="single"/></w:rPr></w:pPr><w:r><w:rPr><w:b/><w:bCs/><w:i/><w:iCs/><w:sz w:val="32"/><w:szCs w:val="32"/><w:u w:val="single"/></w:rPr><w:t>Advantages</w:t></w:r></w:p><w:p w14:paraId="06A829BF" w14:textId="77777777" w:rsidR="00AB39A0" w:rsidRDefault="00490D96" w:rsidP="006B512B"><w:pPr><w:numPr><w:ilvl w:val="1"/><w:numId w:val="8"/></w:numPr><w:spacing w:after="200" w:line="276" w:lineRule="auto"/><w:rPr><w:rFonts w:ascii="Calibri" w:hAnsi="Calibri" w:cs="Calibri"/><w:sz w:val="28"/></w:rPr></w:pPr><w:r><w:rPr><w:rFonts w:ascii="Calibri" w:hAnsi="Calibri" w:cs="Calibri"/><w:sz w:val="28"/></w:rPr><w:t xml:space="preserve">Every concerned body involved in an accident is included in this system to keep them notified and get the required information on their phone through the application thus speeding the process of rescuing the patient. </w:t></w:r></w:p><w:p w14:paraId="7C562F8B" w14:textId="7AEE550B" w:rsidR="00AB39A0" w:rsidRDefault="00490D96" w:rsidP="006B512B"><w:pPr><w:numPr><w:ilvl w:val="1"/><w:numId w:val="8"/></w:numPr><w:spacing w:after="200" w:line="276" w:lineRule="auto"/><w:rPr><w:rFonts w:ascii="Calibri" w:hAnsi="Calibri" w:cs="Calibri"/><w:sz w:val="28"/></w:rPr></w:pPr><w:r><w:rPr><w:rFonts w:ascii="Calibri" w:hAnsi="Calibri" w:cs="Calibri"/><w:sz w:val="28"/></w:rPr><w:t>Accident is notified automatically by the application. Also</w:t></w:r><w:r w:rsidR="006B512B"><w:rPr><w:rFonts w:ascii="Calibri" w:hAnsi="Calibri" w:cs="Calibri"/><w:sz w:val="28"/></w:rPr><w:t>,</w:t></w:r><w:r><w:rPr><w:rFonts w:ascii="Calibri" w:hAnsi="Calibri" w:cs="Calibri"/><w:sz w:val="28"/></w:rPr><w:t xml:space="preserve"> user is given the option to stop the alert before being sent by app in case of a false alarm in notification bar.</w:t></w:r></w:p><w:p w14:paraId="116AD951" w14:textId="77777777" w:rsidR="00AB39A0" w:rsidRDefault="00490D96" w:rsidP="006B512B"><w:pPr><w:numPr><w:ilvl w:val="1"/><w:numId w:val="8"/></w:numPr><w:spacing w:after="200" w:line="276" w:lineRule="auto"/><w:rPr><w:rFonts w:ascii="Calibri" w:hAnsi="Calibri" w:cs="Calibri"/><w:sz w:val="28"/></w:rPr></w:pPr><w:r><w:rPr><w:rFonts w:ascii="Calibri" w:hAnsi="Calibri" w:cs="Calibri"/><w:sz w:val="28"/></w:rPr><w:t>All the major systems like hospital, ambulance, users and accident reports can be monitored by Admin.</w:t></w:r></w:p><w:p w14:paraId="4B1FA89B" w14:textId="77777777" w:rsidR="00AB39A0" w:rsidRDefault="00AB39A0"><w:pPr><w:rPr><w:b/><w:bCs/><w:i/><w:iCs/><w:sz w:val="32"/><w:szCs w:val="32"/><w:u w:val="single"/></w:rPr></w:pPr></w:p><w:p w14:paraId="18941448" w14:textId="77777777" w:rsidR="00AB39A0" w:rsidRDefault="00AB39A0"><w:pPr><w:ind w:left="720"/><w:rPr><w:b/><w:bCs/><w:i/><w:iCs/><w:sz w:val="32"/><w:szCs w:val="32"/><w:u w:val="single"/></w:rPr></w:pPr></w:p><w:p w14:paraId="03DADD0F" w14:textId="77777777" w:rsidR="00AB39A0" w:rsidRDefault="00AB39A0"><w:pPr><w:ind w:left="720"/><w:rPr><w:b/><w:bCs/><w:i/><w:iCs/><w:sz w:val="32"/><w:szCs w:val="32"/><w:u w:val="single"/></w:rPr></w:pPr></w:p><w:p w14:paraId="76C83AB3" w14:textId="77777777" w:rsidR="00AB39A0" w:rsidRDefault="00AB39A0"><w:pPr><w:rPr><w:b/><w:bCs/><w:i/><w:iCs/><w:sz w:val="32"/><w:szCs w:val="32"/><w:u w:val="single"/></w:rPr></w:pPr></w:p><w:p w14:paraId="7A80D2A5" w14:textId="77777777" w:rsidR="00AB39A0" w:rsidRDefault="00490D96"><w:pPr><w:pStyle w:val="ListParagraph"/><w:numPr><w:ilvl w:val="0"/><w:numId w:val="1"/></w:numPr><w:rPr><w:b/><w:bCs/><w:i/><w:iCs/><w:sz w:val="32"/><w:szCs w:val="32"/><w:u w:val="single"/></w:rPr></w:pPr><w:r><w:rPr><w:b/><w:bCs/><w:i/><w:iCs/><w:sz w:val="32"/><w:szCs w:val="32"/><w:u w:val="single"/></w:rPr><w:lastRenderedPageBreak/><w:t>System Description</w:t></w:r></w:p><w:p w14:paraId="3B1DFA41" w14:textId="77777777" w:rsidR="00AB39A0" w:rsidRDefault="00490D96"><w:pPr><w:ind w:firstLine="720"/><w:rPr><w:rFonts w:ascii="Calibri" w:hAnsi="Calibri" w:cs="Calibri"/><w:sz w:val="28"/><w:szCs w:val="28"/></w:rPr></w:pPr><w:r><w:rPr><w:rFonts w:ascii="Calibri" w:hAnsi="Calibri" w:cs="Calibri"/><w:sz w:val="28"/><w:szCs w:val="28"/></w:rPr><w:t>The system comprises of 5 major modules with their sub-modules as follows:</w:t></w:r></w:p><w:p w14:paraId="08166243" w14:textId="77777777" w:rsidR="00AB39A0" w:rsidRDefault="00AB39A0"><w:pPr><w:rPr><w:rFonts w:ascii="Calibri" w:hAnsi="Calibri" w:cs="Calibri"/><w:sz w:val="28"/><w:szCs w:val="28"/></w:rPr></w:pPr></w:p><w:p w14:paraId="5DC4653A" w14:textId="77777777" w:rsidR="00AB39A0" w:rsidRDefault="00490D96"><w:pPr><w:pStyle w:val="ListParagraph"/><w:numPr><w:ilvl w:val="0"/><w:numId w:val="2"/></w:numPr><w:spacing w:after="200" w:line="360" w:lineRule="auto"/><w:rPr><w:rFonts w:ascii="Calibri" w:hAnsi="Calibri" w:cs="Calibri"/><w:b/><w:sz w:val="28"/><w:szCs w:val="28"/><w:u w:val="single"/></w:rPr></w:pPr><w:r><w:rPr><w:rFonts w:ascii="Calibri" w:hAnsi="Calibri" w:cs="Calibri"/><w:b/><w:sz w:val="28"/><w:szCs w:val="28"/><w:u w:val="single"/></w:rPr><w:t>User:</w:t></w:r></w:p><w:p w14:paraId="526C4773" w14:textId="77777777" w:rsidR="00AB39A0" w:rsidRDefault="00490D96"><w:pPr><w:pStyle w:val="ListParagraph"/><w:numPr><w:ilvl w:val="1"/><w:numId w:val="2"/></w:numPr><w:spacing w:after="200" w:line="360" w:lineRule="auto"/><w:rPr><w:rFonts w:ascii="Calibri" w:hAnsi="Calibri" w:cs="Calibri"/><w:sz w:val="28"/><w:szCs w:val="28"/></w:rPr></w:pPr><w:r><w:rPr><w:rFonts w:ascii="Calibri" w:hAnsi="Calibri" w:cs="Calibri"/><w:b/><w:sz w:val="28"/><w:szCs w:val="28"/></w:rPr><w:t>Register:</w:t></w:r><w:r><w:rPr><w:rFonts w:ascii="Calibri" w:hAnsi="Calibri" w:cs="Calibri"/><w:sz w:val="28"/><w:szCs w:val="28"/></w:rPr><w:t xml:space="preserve"> User can register using personal details.</w:t></w:r></w:p><w:p w14:paraId="1EFDD767" w14:textId="77777777" w:rsidR="00AB39A0" w:rsidRDefault="00490D96"><w:pPr><w:pStyle w:val="ListParagraph"/><w:numPr><w:ilvl w:val="1"/><w:numId w:val="2"/></w:numPr><w:spacing w:after="200" w:line="360" w:lineRule="auto"/><w:rPr><w:rFonts w:ascii="Calibri" w:hAnsi="Calibri" w:cs="Calibri"/><w:sz w:val="28"/><w:szCs w:val="28"/></w:rPr></w:pPr><w:r><w:rPr><w:rFonts w:ascii="Calibri" w:hAnsi="Calibri" w:cs="Calibri"/><w:b/><w:sz w:val="28"/><w:szCs w:val="28"/></w:rPr><w:t>Login:</w:t></w:r><w:r><w:rPr><w:rFonts w:ascii="Calibri" w:hAnsi="Calibri" w:cs="Calibri"/><w:sz w:val="28"/><w:szCs w:val="28"/></w:rPr><w:t xml:space="preserve"> User can login in his personal account email id and password.</w:t></w:r></w:p><w:p w14:paraId="0B3D4EFB" w14:textId="77777777" w:rsidR="00AB39A0" w:rsidRDefault="00490D96"><w:pPr><w:pStyle w:val="ListParagraph"/><w:numPr><w:ilvl w:val="1"/><w:numId w:val="2"/></w:numPr><w:spacing w:after="200" w:line="360" w:lineRule="auto"/><w:rPr><w:rFonts w:ascii="Calibri" w:hAnsi="Calibri" w:cs="Calibri"/><w:sz w:val="28"/><w:szCs w:val="28"/></w:rPr></w:pPr><w:r><w:rPr><w:rFonts w:ascii="Calibri" w:hAnsi="Calibri" w:cs="Calibri"/><w:b/><w:sz w:val="28"/><w:szCs w:val="26"/></w:rPr><w:t>Profile:</w:t></w:r><w:r><w:rPr><w:rFonts w:ascii="Calibri" w:hAnsi="Calibri" w:cs="Calibri"/><w:sz w:val="28"/><w:szCs w:val="26"/></w:rPr><w:t xml:space="preserve"> User can edit their profile as well as add Emergency Contacts.</w:t></w:r></w:p><w:p w14:paraId="4A0BAE60" w14:textId="77777777" w:rsidR="00AB39A0" w:rsidRDefault="00490D96"><w:pPr><w:pStyle w:val="ListParagraph"/><w:numPr><w:ilvl w:val="1"/><w:numId w:val="2"/></w:numPr><w:spacing w:after="200" w:line="360" w:lineRule="auto"/><w:rPr><w:rFonts w:ascii="Calibri" w:hAnsi="Calibri" w:cs="Calibri"/><w:sz w:val="28"/><w:szCs w:val="28"/></w:rPr></w:pPr><w:r><w:rPr><w:rFonts w:ascii="Calibri" w:hAnsi="Calibri" w:cs="Calibri"/><w:b/><w:sz w:val="28"/><w:szCs w:val="28"/></w:rPr><w:t>Home:</w:t></w:r><w:r><w:rPr><w:rFonts w:ascii="Calibri" w:hAnsi="Calibri" w:cs="Calibri"/><w:sz w:val="28"/><w:szCs w:val="28"/></w:rPr><w:t xml:space="preserve"> User will be able to see the Sensor readings i.e., Sound Meter and Accelerometer readings. User can also stop/start the detection system.</w:t></w:r></w:p><w:p w14:paraId="3D2D85BF" w14:textId="77777777" w:rsidR="00AB39A0" w:rsidRDefault="00490D96"><w:pPr><w:pStyle w:val="ListParagraph"/><w:numPr><w:ilvl w:val="1"/><w:numId w:val="2"/></w:numPr><w:spacing w:after="200" w:line="360" w:lineRule="auto"/><w:rPr><w:rFonts w:ascii="Calibri" w:hAnsi="Calibri" w:cs="Calibri"/><w:sz w:val="28"/><w:szCs w:val="28"/></w:rPr></w:pPr><w:r><w:rPr><w:rFonts w:ascii="Calibri" w:hAnsi="Calibri" w:cs="Calibri"/><w:b/><w:sz w:val="28"/><w:szCs w:val="28"/></w:rPr><w:t>Background:</w:t></w:r><w:r><w:rPr><w:rFonts w:ascii="Calibri" w:hAnsi="Calibri" w:cs="Calibri"/><w:sz w:val="28"/><w:szCs w:val="28"/></w:rPr><w:t xml:space="preserve"> The system in the background will be continuously monitoring the Sound decibel value and accelerometer for any Accident type impacts. If it finds the App Notifies the User to verify if it’s a false alarm, if no action is done in 5 secs the Ambulance is assigned &amp; notifies Hospital, Ambulance and Police about the accident with the location &amp; User details.</w:t></w:r></w:p><w:p w14:paraId="1670C74E" w14:textId="77777777" w:rsidR="00AB39A0" w:rsidRDefault="00490D96"><w:pPr><w:pStyle w:val="ListParagraph"/><w:numPr><w:ilvl w:val="1"/><w:numId w:val="2"/></w:numPr><w:spacing w:after="200" w:line="360" w:lineRule="auto"/><w:rPr><w:rFonts w:ascii="Calibri" w:hAnsi="Calibri" w:cs="Calibri"/><w:sz w:val="28"/><w:szCs w:val="28"/></w:rPr></w:pPr><w:r><w:rPr><w:rFonts w:ascii="Calibri" w:hAnsi="Calibri" w:cs="Calibri"/><w:b/><w:sz w:val="28"/><w:szCs w:val="28"/></w:rPr><w:t>History</w:t></w:r><w:r><w:rPr><w:rFonts w:ascii="Calibri" w:hAnsi="Calibri" w:cs="Calibri"/><w:b/><w:sz w:val="28"/><w:szCs w:val="26"/></w:rPr><w:t>:</w:t></w:r><w:r><w:rPr><w:rFonts w:ascii="Calibri" w:hAnsi="Calibri" w:cs="Calibri"/><w:sz w:val="28"/><w:szCs w:val="26"/></w:rPr><w:t xml:space="preserve"> History of Accident detections &amp; details.</w:t></w:r></w:p><w:p w14:paraId="7F9AC9C8" w14:textId="77777777" w:rsidR="00AB39A0" w:rsidRDefault="00490D96"><w:pPr><w:pStyle w:val="ListParagraph"/><w:numPr><w:ilvl w:val="1"/><w:numId w:val="2"/></w:numPr><w:spacing w:after="200" w:line="360" w:lineRule="auto"/><w:rPr><w:rFonts w:ascii="Calibri" w:hAnsi="Calibri" w:cs="Calibri"/><w:sz w:val="28"/><w:szCs w:val="28"/></w:rPr></w:pPr><w:r><w:rPr><w:rFonts w:ascii="Calibri" w:hAnsi="Calibri" w:cs="Calibri"/><w:b/><w:sz w:val="28"/><w:szCs w:val="28"/></w:rPr><w:t>Notifications</w:t></w:r><w:r><w:rPr><w:rFonts w:ascii="Calibri" w:hAnsi="Calibri" w:cs="Calibri"/><w:b/><w:sz w:val="28"/><w:szCs w:val="26"/></w:rPr><w:t>:</w:t></w:r><w:r><w:rPr><w:rFonts w:ascii="Calibri" w:hAnsi="Calibri" w:cs="Calibri"/><w:sz w:val="28"/><w:szCs w:val="26"/></w:rPr><w:t xml:space="preserve"> </w:t></w:r><w:r><w:rPr><w:rFonts w:ascii="Calibri" w:hAnsi="Calibri" w:cs="Calibri"/><w:sz w:val="28"/><w:szCs w:val="28"/></w:rPr><w:t>User will be notified if system detects an Accident.</w:t></w:r></w:p><w:p w14:paraId="703C04AD" w14:textId="77777777" w:rsidR="00AB39A0" w:rsidRDefault="00AB39A0"><w:pPr><w:pStyle w:val="ListParagraph"/><w:spacing w:after="200" w:line="360" w:lineRule="auto"/><w:ind w:left="1440"/><w:rPr><w:rFonts w:ascii="Calibri" w:hAnsi="Calibri" w:cs="Calibri"/><w:sz w:val="28"/><w:szCs w:val="28"/></w:rPr></w:pPr></w:p><w:p w14:paraId="498C46FA" w14:textId="77777777" w:rsidR="00AB39A0" w:rsidRDefault="00490D96"><w:pPr><w:pStyle w:val="ListParagraph"/><w:numPr><w:ilvl w:val="0"/><w:numId w:val="2"/></w:numPr><w:spacing w:after="200" w:line="360" w:lineRule="auto"/><w:rPr><w:rFonts w:ascii="Calibri" w:hAnsi="Calibri" w:cs="Calibri"/><w:b/><w:sz w:val="28"/><w:szCs w:val="28"/><w:u w:val="single"/></w:rPr></w:pPr><w:r><w:rPr><w:rFonts w:ascii="Calibri" w:hAnsi="Calibri" w:cs="Calibri"/><w:b/><w:sz w:val="28"/><w:szCs w:val="28"/><w:u w:val="single"/></w:rPr><w:t>Admin:</w:t></w:r></w:p><w:p w14:paraId="258BAE7A" w14:textId="77777777" w:rsidR="00AB39A0" w:rsidRDefault="00490D96"><w:pPr><w:pStyle w:val="ListParagraph"/><w:numPr><w:ilvl w:val="1"/><w:numId w:val="2"/></w:numPr><w:spacing w:after="200" w:line="360" w:lineRule="auto"/><w:rPr><w:rFonts w:ascii="Calibri" w:hAnsi="Calibri" w:cs="Calibri"/><w:sz w:val="28"/><w:szCs w:val="28"/></w:rPr></w:pPr><w:r><w:rPr><w:rFonts w:ascii="Calibri" w:hAnsi="Calibri" w:cs="Calibri"/><w:b/><w:sz w:val="28"/><w:szCs w:val="28"/></w:rPr><w:t>Login:</w:t></w:r><w:r><w:rPr><w:rFonts w:ascii="Calibri" w:hAnsi="Calibri" w:cs="Calibri"/><w:sz w:val="28"/><w:szCs w:val="28"/></w:rPr><w:t xml:space="preserve"> Admin can login his account using id and password.</w:t></w:r></w:p><w:p w14:paraId="7AB146FF" w14:textId="77777777" w:rsidR="00AB39A0" w:rsidRDefault="00490D96"><w:pPr><w:pStyle w:val="ListParagraph"/><w:numPr><w:ilvl w:val="1"/><w:numId w:val="2"/></w:numPr><w:spacing w:after="200" w:line="360" w:lineRule="auto"/><w:rPr><w:rFonts w:ascii="Calibri" w:hAnsi="Calibri" w:cs="Calibri"/><w:b/><w:bCs/><w:sz w:val="28"/><w:szCs w:val="28"/></w:rPr></w:pPr><w:r><w:rPr><w:rFonts w:ascii="Calibri" w:hAnsi="Calibri" w:cs="Calibri"/><w:b/><w:bCs/><w:sz w:val="28"/><w:szCs w:val="28"/></w:rPr><w:t xml:space="preserve">Manage Hospital: </w:t></w:r><w:r><w:rPr><w:rFonts w:ascii="Calibri" w:hAnsi="Calibri" w:cs="Calibri"/><w:sz w:val="28"/><w:szCs w:val="28"/></w:rPr><w:t xml:space="preserve">Admin is the only person who can manage Hospital data and provide credentials to them. </w:t></w:r></w:p><w:p w14:paraId="7DFDAC2E" w14:textId="77777777" w:rsidR="00AB39A0" w:rsidRDefault="00490D96"><w:pPr><w:pStyle w:val="ListParagraph"/><w:numPr><w:ilvl w:val="1"/><w:numId w:val="2"/></w:numPr><w:spacing w:after="200" w:line="360" w:lineRule="auto"/><w:rPr><w:rFonts w:ascii="Calibri" w:hAnsi="Calibri" w:cs="Calibri"/><w:b/><w:bCs/><w:sz w:val="28"/><w:szCs w:val="28"/></w:rPr></w:pPr><w:r><w:rPr><w:rFonts w:ascii="Calibri" w:hAnsi="Calibri" w:cs="Calibri"/><w:b/><w:bCs/><w:sz w:val="28"/><w:szCs w:val="28"/></w:rPr><w:lastRenderedPageBreak/><w:t xml:space="preserve">Manage Ambulance: </w:t></w:r><w:r><w:rPr><w:rFonts w:ascii="Calibri" w:hAnsi="Calibri" w:cs="Calibri"/><w:sz w:val="28"/><w:szCs w:val="28"/></w:rPr><w:t>Admin can manage Ambulance data and provide credentials to them. Ambulances are also mentioned if they work independently or are owned by Hospitals.</w:t></w:r></w:p><w:p w14:paraId="07C3512F" w14:textId="77777777" w:rsidR="00AB39A0" w:rsidRDefault="00490D96"><w:pPr><w:pStyle w:val="ListParagraph"/><w:numPr><w:ilvl w:val="1"/><w:numId w:val="2"/></w:numPr><w:spacing w:after="200" w:line="360" w:lineRule="auto"/><w:rPr><w:rFonts w:ascii="Calibri" w:hAnsi="Calibri" w:cs="Calibri"/><w:b/><w:bCs/><w:sz w:val="28"/><w:szCs w:val="28"/></w:rPr></w:pPr><w:r><w:rPr><w:rFonts w:ascii="Calibri" w:hAnsi="Calibri" w:cs="Calibri"/><w:b/><w:bCs/><w:sz w:val="28"/><w:szCs w:val="28"/></w:rPr><w:t xml:space="preserve">View Users: </w:t></w:r><w:r><w:rPr><w:rFonts w:ascii="Calibri" w:hAnsi="Calibri" w:cs="Calibri"/><w:sz w:val="28"/><w:szCs w:val="28"/></w:rPr><w:t xml:space="preserve">View all the Users registered in this system. </w:t></w:r></w:p><w:p w14:paraId="6B0E1DE9" w14:textId="77777777" w:rsidR="00AB39A0" w:rsidRDefault="00490D96"><w:pPr><w:pStyle w:val="ListParagraph"/><w:numPr><w:ilvl w:val="1"/><w:numId w:val="2"/></w:numPr><w:spacing w:after="200" w:line="360" w:lineRule="auto"/><w:rPr><w:rFonts w:ascii="Calibri" w:hAnsi="Calibri" w:cs="Calibri"/><w:b/><w:bCs/><w:sz w:val="28"/><w:szCs w:val="28"/></w:rPr></w:pPr><w:r><w:rPr><w:rFonts w:ascii="Calibri" w:hAnsi="Calibri" w:cs="Calibri"/><w:b/><w:bCs/><w:sz w:val="28"/><w:szCs w:val="28"/></w:rPr><w:t xml:space="preserve">View Accidents: </w:t></w:r><w:r><w:rPr><w:rFonts w:ascii="Calibri" w:hAnsi="Calibri" w:cs="Calibri"/><w:sz w:val="28"/><w:szCs w:val="28"/></w:rPr><w:t xml:space="preserve">View all the Accidents and details about it, can be filtered date wise. </w:t></w:r></w:p><w:p w14:paraId="179E696F" w14:textId="77777777" w:rsidR="00AB39A0" w:rsidRDefault="00AB39A0"><w:pPr><w:pStyle w:val="ListParagraph"/><w:spacing w:after="200" w:line="360" w:lineRule="auto"/><w:ind w:left="1440"/><w:rPr><w:rFonts w:ascii="Calibri" w:hAnsi="Calibri" w:cs="Calibri"/><w:sz w:val="28"/><w:szCs w:val="28"/></w:rPr></w:pPr></w:p><w:p w14:paraId="333F8F7B" w14:textId="77777777" w:rsidR="00AB39A0" w:rsidRDefault="00490D96"><w:pPr><w:pStyle w:val="ListParagraph"/><w:numPr><w:ilvl w:val="0"/><w:numId w:val="2"/></w:numPr><w:spacing w:after="200" w:line="360" w:lineRule="auto"/><w:rPr><w:rFonts w:ascii="Calibri" w:hAnsi="Calibri" w:cs="Calibri"/><w:b/><w:sz w:val="28"/><w:szCs w:val="28"/><w:u w:val="single"/></w:rPr></w:pPr><w:r><w:rPr><w:rFonts w:ascii="Calibri" w:hAnsi="Calibri" w:cs="Calibri"/><w:b/><w:sz w:val="28"/><w:szCs w:val="28"/><w:u w:val="single"/></w:rPr><w:t>Ambulance:</w:t></w:r></w:p><w:p w14:paraId="28703874" w14:textId="77777777" w:rsidR="00AB39A0" w:rsidRDefault="00490D96"><w:pPr><w:pStyle w:val="ListParagraph"/><w:numPr><w:ilvl w:val="1"/><w:numId w:val="2"/></w:numPr><w:spacing w:after="200" w:line="360" w:lineRule="auto"/><w:rPr><w:rFonts w:ascii="Calibri" w:hAnsi="Calibri" w:cs="Calibri"/><w:sz w:val="28"/><w:szCs w:val="28"/></w:rPr></w:pPr><w:r><w:rPr><w:rFonts w:ascii="Calibri" w:hAnsi="Calibri" w:cs="Calibri"/><w:b/><w:sz w:val="28"/><w:szCs w:val="28"/></w:rPr><w:t>Login:</w:t></w:r><w:r><w:rPr><w:rFonts w:ascii="Calibri" w:hAnsi="Calibri" w:cs="Calibri"/><w:sz w:val="28"/><w:szCs w:val="28"/></w:rPr><w:t xml:space="preserve"> Ambulance driver can login his account using id and password.</w:t></w:r></w:p><w:p w14:paraId="74327AA7" w14:textId="77777777" w:rsidR="00AB39A0" w:rsidRDefault="00490D96"><w:pPr><w:pStyle w:val="ListParagraph"/><w:numPr><w:ilvl w:val="1"/><w:numId w:val="2"/></w:numPr><w:spacing w:after="200" w:line="360" w:lineRule="auto"/><w:rPr><w:rFonts w:ascii="Calibri" w:hAnsi="Calibri" w:cs="Calibri"/><w:sz w:val="28"/><w:szCs w:val="28"/></w:rPr></w:pPr><w:r><w:rPr><w:rFonts w:ascii="Calibri" w:hAnsi="Calibri" w:cs="Calibri"/><w:b/><w:sz w:val="28"/><w:szCs w:val="28"/></w:rPr><w:t>Home:</w:t></w:r><w:r><w:rPr><w:rFonts w:ascii="Calibri" w:hAnsi="Calibri" w:cs="Calibri"/><w:sz w:val="28"/><w:szCs w:val="28"/></w:rPr><w:t xml:space="preserve"> The driver can see the current accident location along with the User details, the driver can directly navigate through Google Maps. The Driver can update the status whether he has picked/dropped the User.</w:t></w:r></w:p><w:p w14:paraId="4F984191" w14:textId="77777777" w:rsidR="00AB39A0" w:rsidRDefault="00490D96"><w:pPr><w:pStyle w:val="ListParagraph"/><w:numPr><w:ilvl w:val="1"/><w:numId w:val="2"/></w:numPr><w:spacing w:after="200" w:line="360" w:lineRule="auto"/><w:rPr><w:rFonts w:ascii="Calibri" w:hAnsi="Calibri" w:cs="Calibri"/><w:sz w:val="28"/><w:szCs w:val="28"/></w:rPr></w:pPr><w:r><w:rPr><w:rFonts w:ascii="Calibri" w:hAnsi="Calibri" w:cs="Calibri"/><w:b/><w:sz w:val="28"/><w:szCs w:val="28"/></w:rPr><w:t>Notifications:</w:t></w:r><w:r><w:rPr><w:rFonts w:ascii="Calibri" w:hAnsi="Calibri" w:cs="Calibri"/><w:sz w:val="28"/><w:szCs w:val="28"/></w:rPr><w:t xml:space="preserve"> The driver will get a notification if it is assigned a Pickup.</w:t></w:r></w:p><w:p w14:paraId="1F183CE8" w14:textId="77777777" w:rsidR="00AB39A0" w:rsidRDefault="00AB39A0"><w:pPr><w:pStyle w:val="ListParagraph"/><w:spacing w:after="200" w:line="360" w:lineRule="auto"/><w:ind w:left="1440"/><w:rPr><w:rFonts w:ascii="Calibri" w:hAnsi="Calibri" w:cs="Calibri"/><w:sz w:val="28"/><w:szCs w:val="28"/></w:rPr></w:pPr></w:p><w:p w14:paraId="7FE552F7" w14:textId="77777777" w:rsidR="00AB39A0" w:rsidRDefault="00AB39A0"><w:pPr><w:pStyle w:val="ListParagraph"/><w:spacing w:after="200" w:line="360" w:lineRule="auto"/><w:ind w:left="1440"/><w:rPr><w:rFonts w:ascii="Calibri" w:hAnsi="Calibri" w:cs="Calibri"/><w:b/><w:bCs/><w:sz w:val="28"/><w:szCs w:val="28"/></w:rPr></w:pPr></w:p><w:p w14:paraId="1BACC0E6" w14:textId="77777777" w:rsidR="00AB39A0" w:rsidRDefault="00490D96"><w:pPr><w:pStyle w:val="ListParagraph"/><w:numPr><w:ilvl w:val="0"/><w:numId w:val="2"/></w:numPr><w:spacing w:after="200" w:line="360" w:lineRule="auto"/><w:rPr><w:rFonts w:ascii="Calibri" w:hAnsi="Calibri" w:cs="Calibri"/><w:b/><w:sz w:val="28"/><w:szCs w:val="28"/><w:u w:val="single"/></w:rPr></w:pPr><w:r><w:rPr><w:rFonts w:ascii="Calibri" w:hAnsi="Calibri" w:cs="Calibri"/><w:b/><w:sz w:val="28"/><w:szCs w:val="28"/><w:u w:val="single"/></w:rPr><w:t>Hospital:</w:t></w:r></w:p><w:p w14:paraId="4D70F213" w14:textId="77777777" w:rsidR="00AB39A0" w:rsidRDefault="00490D96"><w:pPr><w:pStyle w:val="ListParagraph"/><w:numPr><w:ilvl w:val="1"/><w:numId w:val="2"/></w:numPr><w:spacing w:after="200" w:line="360" w:lineRule="auto"/><w:rPr><w:rFonts w:ascii="Calibri" w:hAnsi="Calibri" w:cs="Calibri"/><w:sz w:val="28"/><w:szCs w:val="28"/></w:rPr></w:pPr><w:r><w:rPr><w:rFonts w:ascii="Calibri" w:hAnsi="Calibri" w:cs="Calibri"/><w:b/><w:sz w:val="28"/><w:szCs w:val="28"/></w:rPr><w:t>Login:</w:t></w:r><w:r><w:rPr><w:rFonts w:ascii="Calibri" w:hAnsi="Calibri" w:cs="Calibri"/><w:sz w:val="28"/><w:szCs w:val="28"/></w:rPr><w:t xml:space="preserve"> Hospital User can login his account using id and password.</w:t></w:r></w:p><w:p w14:paraId="0103976D" w14:textId="77777777" w:rsidR="00AB39A0" w:rsidRDefault="00490D96"><w:pPr><w:pStyle w:val="ListParagraph"/><w:numPr><w:ilvl w:val="1"/><w:numId w:val="2"/></w:numPr><w:spacing w:after="200" w:line="360" w:lineRule="auto"/><w:rPr><w:rFonts w:ascii="Calibri" w:hAnsi="Calibri" w:cs="Calibri"/><w:sz w:val="28"/><w:szCs w:val="28"/></w:rPr></w:pPr><w:r><w:rPr><w:rFonts w:ascii="Calibri" w:hAnsi="Calibri" w:cs="Calibri"/><w:b/><w:sz w:val="28"/><w:szCs w:val="28"/></w:rPr><w:t>Home:</w:t></w:r><w:r><w:rPr><w:rFonts w:ascii="Calibri" w:hAnsi="Calibri" w:cs="Calibri"/><w:sz w:val="28"/><w:szCs w:val="28"/></w:rPr><w:t xml:space="preserve"> The User can see the current accident location assigned to his Hospital if any. Hospital can also update the status whether the user has been admitted in the Hospital.</w:t></w:r></w:p><w:p w14:paraId="01D4DFE2" w14:textId="77777777" w:rsidR="00AB39A0" w:rsidRDefault="00490D96"><w:pPr><w:pStyle w:val="ListParagraph"/><w:numPr><w:ilvl w:val="1"/><w:numId w:val="2"/></w:numPr><w:spacing w:after="200" w:line="360" w:lineRule="auto"/><w:rPr><w:rFonts w:ascii="Calibri" w:hAnsi="Calibri" w:cs="Calibri"/><w:b/><w:bCs/><w:sz w:val="28"/><w:szCs w:val="28"/></w:rPr></w:pPr><w:r><w:rPr><w:rFonts w:ascii="Calibri" w:hAnsi="Calibri" w:cs="Calibri"/><w:b/><w:bCs/><w:sz w:val="28"/><w:szCs w:val="28"/></w:rPr><w:t xml:space="preserve">View Accidents: </w:t></w:r><w:r><w:rPr><w:rFonts w:ascii="Calibri" w:hAnsi="Calibri" w:cs="Calibri"/><w:sz w:val="28"/><w:szCs w:val="28"/></w:rPr><w:t xml:space="preserve">List of all the Accidents and details about it assigned to his Hospital. </w:t></w:r></w:p><w:p w14:paraId="5E9D85D1" w14:textId="77777777" w:rsidR="00AB39A0" w:rsidRDefault="00490D96"><w:pPr><w:pStyle w:val="ListParagraph"/><w:numPr><w:ilvl w:val="1"/><w:numId w:val="2"/></w:numPr><w:spacing w:after="200" w:line="360" w:lineRule="auto"/><w:rPr><w:rFonts w:ascii="Calibri" w:hAnsi="Calibri" w:cs="Calibri"/><w:b/><w:bCs/><w:sz w:val="28"/><w:szCs w:val="28"/></w:rPr></w:pPr><w:r><w:rPr><w:rFonts w:ascii="Calibri" w:hAnsi="Calibri" w:cs="Calibri"/><w:b/><w:bCs/><w:sz w:val="28"/><w:szCs w:val="28"/></w:rPr><w:t xml:space="preserve">Manage Ambulance: </w:t></w:r><w:r><w:rPr><w:rFonts w:ascii="Calibri" w:hAnsi="Calibri" w:cs="Calibri"/><w:sz w:val="28"/><w:szCs w:val="28"/></w:rPr><w:t>Hospital can also manage their owned Ambulances.</w:t></w:r></w:p><w:p w14:paraId="5C23886A" w14:textId="77777777" w:rsidR="00AB39A0" w:rsidRDefault="00490D96"><w:pPr><w:pStyle w:val="ListParagraph"/><w:numPr><w:ilvl w:val="1"/><w:numId w:val="2"/></w:numPr><w:spacing w:after="200" w:line="360" w:lineRule="auto"/><w:rPr><w:rFonts w:ascii="Calibri" w:hAnsi="Calibri" w:cs="Calibri"/><w:sz w:val="28"/><w:szCs w:val="28"/></w:rPr></w:pPr><w:r><w:rPr><w:rFonts w:ascii="Calibri" w:hAnsi="Calibri" w:cs="Calibri"/><w:b/><w:sz w:val="28"/><w:szCs w:val="28"/></w:rPr><w:lastRenderedPageBreak/><w:t>Notifications:</w:t></w:r><w:r><w:rPr><w:rFonts w:ascii="Calibri" w:hAnsi="Calibri" w:cs="Calibri"/><w:sz w:val="28"/><w:szCs w:val="28"/></w:rPr><w:t xml:space="preserve"> The Hospital will get a notification if it is assigned a Pickup.</w:t></w:r></w:p><w:p w14:paraId="5A3521CC" w14:textId="77777777" w:rsidR="00AB39A0" w:rsidRDefault="00490D96"><w:pPr><w:pStyle w:val="ListParagraph"/><w:numPr><w:ilvl w:val="0"/><w:numId w:val="2"/></w:numPr><w:spacing w:after="200" w:line="360" w:lineRule="auto"/><w:rPr><w:rFonts w:ascii="Calibri" w:hAnsi="Calibri" w:cs="Calibri"/><w:b/><w:sz w:val="28"/><w:szCs w:val="28"/><w:u w:val="single"/></w:rPr></w:pPr><w:r><w:rPr><w:rFonts w:ascii="Calibri" w:hAnsi="Calibri" w:cs="Calibri"/><w:b/><w:sz w:val="28"/><w:szCs w:val="28"/><w:u w:val="single"/></w:rPr><w:t>Police:</w:t></w:r></w:p><w:p w14:paraId="435E8067" w14:textId="77777777" w:rsidR="00AB39A0" w:rsidRDefault="00490D96"><w:pPr><w:pStyle w:val="ListParagraph"/><w:numPr><w:ilvl w:val="1"/><w:numId w:val="2"/></w:numPr><w:spacing w:after="200" w:line="360" w:lineRule="auto"/><w:rPr><w:rFonts w:ascii="Calibri" w:hAnsi="Calibri" w:cs="Calibri"/><w:sz w:val="28"/><w:szCs w:val="28"/></w:rPr></w:pPr><w:r><w:rPr><w:rFonts w:ascii="Calibri" w:hAnsi="Calibri" w:cs="Calibri"/><w:b/><w:sz w:val="28"/><w:szCs w:val="28"/></w:rPr><w:t>Login:</w:t></w:r><w:r><w:rPr><w:rFonts w:ascii="Calibri" w:hAnsi="Calibri" w:cs="Calibri"/><w:sz w:val="28"/><w:szCs w:val="28"/></w:rPr><w:t xml:space="preserve"> Police can login his account using id and password.</w:t></w:r></w:p><w:p w14:paraId="1B70BB79" w14:textId="77777777" w:rsidR="00AB39A0" w:rsidRDefault="00490D96"><w:pPr><w:pStyle w:val="ListParagraph"/><w:numPr><w:ilvl w:val="1"/><w:numId w:val="2"/></w:numPr><w:spacing w:after="200" w:line="360" w:lineRule="auto"/><w:rPr><w:rFonts w:ascii="Calibri" w:hAnsi="Calibri" w:cs="Calibri"/><w:sz w:val="28"/><w:szCs w:val="28"/></w:rPr></w:pPr><w:r><w:rPr><w:rFonts w:ascii="Calibri" w:hAnsi="Calibri" w:cs="Calibri"/><w:b/><w:sz w:val="28"/><w:szCs w:val="28"/></w:rPr><w:t>Home:</w:t></w:r><w:r><w:rPr><w:rFonts w:ascii="Calibri" w:hAnsi="Calibri" w:cs="Calibri"/><w:sz w:val="28"/><w:szCs w:val="28"/></w:rPr><w:t xml:space="preserve"> Police is able to see to Today’s accident specifically or filter date wise to see previous ones.</w:t></w:r></w:p><w:p w14:paraId="4ED4D272" w14:textId="77777777" w:rsidR="00AB39A0" w:rsidRDefault="00490D96"><w:pPr><w:pStyle w:val="ListParagraph"/><w:numPr><w:ilvl w:val="1"/><w:numId w:val="2"/></w:numPr><w:spacing w:after="200" w:line="360" w:lineRule="auto"/><w:rPr><w:rFonts w:ascii="Calibri" w:hAnsi="Calibri" w:cs="Calibri"/><w:sz w:val="28"/><w:szCs w:val="28"/></w:rPr></w:pPr><w:r><w:rPr><w:rFonts w:ascii="Calibri" w:hAnsi="Calibri" w:cs="Calibri"/><w:b/><w:sz w:val="28"/><w:szCs w:val="28"/></w:rPr><w:t>Notifications:</w:t></w:r><w:r><w:rPr><w:rFonts w:ascii="Calibri" w:hAnsi="Calibri" w:cs="Calibri"/><w:sz w:val="28"/><w:szCs w:val="28"/></w:rPr><w:t xml:space="preserve"> Police will get a notification if it is assigned a Pickup.</w:t></w:r></w:p><w:p w14:paraId="559A2FD0" w14:textId="77777777" w:rsidR="00AB39A0" w:rsidRDefault="00AB39A0"><w:pPr><w:rPr><w:b/><w:bCs/><w:i/><w:iCs/><w:sz w:val="32"/><w:szCs w:val="32"/><w:u w:val="single"/></w:rPr></w:pPr></w:p><w:p w14:paraId="17291495" w14:textId="77777777" w:rsidR="00AB39A0" w:rsidRDefault="00AB39A0"><w:pPr><w:pStyle w:val="ListParagraph"/><w:spacing w:after="200" w:line="360" w:lineRule="auto"/><w:ind w:left="1440"/><w:rPr><w:rFonts w:ascii="Calibri" w:hAnsi="Calibri" w:cs="Calibri"/><w:b/><w:sz w:val="28"/><w:szCs w:val="28"/></w:rPr></w:pPr></w:p><w:p w14:paraId="1E075FB0" w14:textId="77777777" w:rsidR="00AB39A0" w:rsidRDefault="00AB39A0"><w:pPr><w:pStyle w:val="ListParagraph"/><w:spacing w:after="200" w:line="360" w:lineRule="auto"/><w:ind w:left="1440"/><w:rPr><w:rFonts w:ascii="Calibri" w:hAnsi="Calibri" w:cs="Calibri"/><w:b/><w:sz w:val="28"/><w:szCs w:val="28"/></w:rPr></w:pPr></w:p><w:p w14:paraId="1BEEA853" w14:textId="77777777" w:rsidR="00AB39A0" w:rsidRDefault="00AB39A0"><w:pPr><w:pStyle w:val="ListParagraph"/><w:spacing w:after="200" w:line="360" w:lineRule="auto"/><w:ind w:left="1440"/><w:rPr><w:rFonts w:ascii="Calibri" w:hAnsi="Calibri" w:cs="Calibri"/><w:b/><w:sz w:val="28"/><w:szCs w:val="28"/></w:rPr></w:pPr></w:p><w:p w14:paraId="2DBC3346" w14:textId="77777777" w:rsidR="00AB39A0" w:rsidRDefault="00AB39A0"><w:pPr><w:pStyle w:val="ListParagraph"/><w:spacing w:after="200" w:line="360" w:lineRule="auto"/><w:ind w:left="1440"/><w:rPr><w:rFonts w:ascii="Calibri" w:hAnsi="Calibri" w:cs="Calibri"/><w:b/><w:sz w:val="28"/><w:szCs w:val="28"/></w:rPr></w:pPr></w:p><w:p w14:paraId="2807C3F8" w14:textId="77777777" w:rsidR="00AB39A0" w:rsidRDefault="00AB39A0"><w:pPr><w:pStyle w:val="ListParagraph"/><w:spacing w:after="200" w:line="360" w:lineRule="auto"/><w:ind w:left="1440"/><w:rPr><w:rFonts w:ascii="Calibri" w:hAnsi="Calibri" w:cs="Calibri"/><w:b/><w:sz w:val="28"/><w:szCs w:val="28"/></w:rPr></w:pPr></w:p><w:p w14:paraId="4CF5DC22" w14:textId="77777777" w:rsidR="00AB39A0" w:rsidRDefault="00AB39A0"><w:pPr><w:pStyle w:val="ListParagraph"/><w:spacing w:after="200" w:line="360" w:lineRule="auto"/><w:ind w:left="1440"/><w:rPr><w:rFonts w:ascii="Calibri" w:hAnsi="Calibri" w:cs="Calibri"/><w:b/><w:sz w:val="28"/><w:szCs w:val="28"/></w:rPr></w:pPr></w:p><w:p w14:paraId="0F0AD26E" w14:textId="77777777" w:rsidR="00AB39A0" w:rsidRDefault="00AB39A0"><w:pPr><w:pStyle w:val="ListParagraph"/><w:spacing w:after="200" w:line="360" w:lineRule="auto"/><w:ind w:left="1440"/><w:rPr><w:rFonts w:ascii="Calibri" w:hAnsi="Calibri" w:cs="Calibri"/><w:b/><w:sz w:val="28"/><w:szCs w:val="28"/></w:rPr></w:pPr></w:p><w:p w14:paraId="2D3783C7" w14:textId="77777777" w:rsidR="00AB39A0" w:rsidRDefault="00AB39A0"><w:pPr><w:pStyle w:val="ListParagraph"/><w:spacing w:after="200" w:line="360" w:lineRule="auto"/><w:ind w:left="1440"/><w:rPr><w:rFonts w:ascii="Calibri" w:hAnsi="Calibri" w:cs="Calibri"/><w:b/><w:sz w:val="28"/><w:szCs w:val="28"/></w:rPr></w:pPr></w:p><w:p w14:paraId="45C73D83" w14:textId="77777777" w:rsidR="00AB39A0" w:rsidRDefault="00AB39A0"><w:pPr><w:pStyle w:val="ListParagraph"/><w:spacing w:after="200" w:line="360" w:lineRule="auto"/><w:ind w:left="1440"/><w:rPr><w:rFonts w:ascii="Calibri" w:hAnsi="Calibri" w:cs="Calibri"/><w:b/><w:sz w:val="28"/><w:szCs w:val="28"/></w:rPr></w:pPr></w:p><w:p w14:paraId="078FAABA" w14:textId="77777777" w:rsidR="00AB39A0" w:rsidRDefault="00AB39A0"><w:pPr><w:pStyle w:val="ListParagraph"/><w:spacing w:after="200" w:line="360" w:lineRule="auto"/><w:ind w:left="1440"/><w:rPr><w:rFonts w:ascii="Calibri" w:hAnsi="Calibri" w:cs="Calibri"/><w:b/><w:sz w:val="28"/><w:szCs w:val="28"/></w:rPr></w:pPr></w:p><w:p w14:paraId="2D9556C5" w14:textId="77777777" w:rsidR="00AB39A0" w:rsidRDefault="00AB39A0"><w:pPr><w:pStyle w:val="ListParagraph"/><w:spacing w:after="200" w:line="360" w:lineRule="auto"/><w:ind w:left="1440"/><w:rPr><w:rFonts w:ascii="Calibri" w:hAnsi="Calibri" w:cs="Calibri"/><w:b/><w:sz w:val="28"/><w:szCs w:val="28"/></w:rPr></w:pPr></w:p><w:p w14:paraId="552E9C0E" w14:textId="77777777" w:rsidR="00AB39A0" w:rsidRDefault="00AB39A0"><w:pPr><w:pStyle w:val="ListParagraph"/><w:spacing w:after="200" w:line="360" w:lineRule="auto"/><w:ind w:left="1440"/><w:rPr><w:rFonts w:ascii="Calibri" w:hAnsi="Calibri" w:cs="Calibri"/><w:b/><w:sz w:val="28"/><w:szCs w:val="28"/></w:rPr></w:pPr></w:p><w:p w14:paraId="7825B2C7" w14:textId="77777777" w:rsidR="00AB39A0" w:rsidRDefault="00AB39A0"><w:pPr><w:pStyle w:val="ListParagraph"/><w:spacing w:after="200" w:line="360" w:lineRule="auto"/><w:ind w:left="1440"/><w:rPr><w:rFonts w:ascii="Calibri" w:hAnsi="Calibri" w:cs="Calibri"/><w:b/><w:sz w:val="28"/><w:szCs w:val="28"/></w:rPr></w:pPr></w:p><w:p w14:paraId="5948797F" w14:textId="77777777" w:rsidR="00AB39A0" w:rsidRDefault="00AB39A0"><w:pPr><w:pStyle w:val="ListParagraph"/><w:spacing w:after="200" w:line="360" w:lineRule="auto"/><w:ind w:left="1440"/><w:rPr><w:rFonts w:ascii="Calibri" w:hAnsi="Calibri" w:cs="Calibri"/><w:b/><w:sz w:val="28"/><w:szCs w:val="28"/></w:rPr></w:pPr></w:p><w:p w14:paraId="4C69EB0E" w14:textId="77777777" w:rsidR="00AB39A0" w:rsidRDefault="00AB39A0"><w:pPr><w:pStyle w:val="ListParagraph"/><w:spacing w:after="200" w:line="360" w:lineRule="auto"/><w:ind w:left="1440"/><w:rPr><w:rFonts w:ascii="Calibri" w:hAnsi="Calibri" w:cs="Calibri"/><w:b/><w:sz w:val="28"/><w:szCs w:val="28"/></w:rPr></w:pPr></w:p><w:p w14:paraId="635EFD4E" w14:textId="6513BCEC" w:rsidR="00AB39A0" w:rsidRDefault="00AB39A0"><w:pPr><w:rPr><w:b/><w:bCs/><w:i/><w:iCs/><w:sz w:val="32"/><w:szCs w:val="32"/><w:u w:val="single"/></w:rPr></w:pPr></w:p><w:p w14:paraId="41438838" w14:textId="56CDA80E" w:rsidR="00C32C19" w:rsidRDefault="00C32C19"><w:pPr><w:rPr><w:b/><w:bCs/><w:i/><w:iCs/><w:sz w:val="32"/><w:szCs w:val="32"/><w:u w:val="single"/></w:rPr></w:pPr></w:p><w:p w14:paraId="2AB50784" w14:textId="77777777" w:rsidR="00C32C19" w:rsidRDefault="00C32C19"><w:pPr><w:rPr><w:b/><w:bCs/><w:i/><w:iCs/><w:sz w:val="32"/><w:szCs w:val="32"/><w:u w:val="single"/></w:rPr></w:pPr></w:p><w:p w14:paraId="4E287978" w14:textId="77777777" w:rsidR="00AB39A0" w:rsidRDefault="00490D96"><w:pPr><w:pStyle w:val="ListParagraph"/><w:numPr><w:ilvl w:val="0"/><w:numId w:val="1"/></w:numPr><w:rPr><w:b/><w:bCs/><w:i/><w:iCs/><w:sz w:val="32"/><w:szCs w:val="32"/><w:u w:val="single"/></w:rPr></w:pPr><w:r><w:rPr><w:b/><w:bCs/><w:i/><w:iCs/><w:sz w:val="32"/><w:szCs w:val="32"/><w:u w:val="single"/></w:rPr><w:lastRenderedPageBreak/><w:t>Project Life Cycle</w:t></w:r></w:p><w:p w14:paraId="01C8CC29" w14:textId="77777777" w:rsidR="00AB39A0" w:rsidRDefault="00AB39A0"><w:pPr><w:pStyle w:val="ListParagraph"/><w:rPr><w:b/><w:bCs/><w:i/><w:iCs/><w:sz w:val="32"/><w:szCs w:val="32"/><w:u w:val="single"/></w:rPr></w:pPr></w:p><w:p w14:paraId="0F4CF306" w14:textId="77777777" w:rsidR="00AB39A0" w:rsidRDefault="00490D96"><w:pPr><w:rPr><w:sz w:val="28"/><w:szCs w:val="28"/></w:rPr></w:pPr><w:r><w:rPr><w:sz w:val="28"/><w:szCs w:val="28"/></w:rPr><w:tab/><w:t>The waterfall model is a classical model used in system development life cycle to create a system with a linear and sequential approach. It is termed as waterfall because the model develops systematically from one phase to another in downward fashion. The waterfall approach does not define the process to go back to the previous phase to handle changes in requirement. The waterfall approach is the earliest approach that was used for software development</w:t></w:r></w:p><w:p w14:paraId="1613F484" w14:textId="77777777" w:rsidR="00AB39A0" w:rsidRDefault="00AB39A0"><w:pPr><w:rPr><w:sz w:val="28"/><w:szCs w:val="28"/></w:rPr></w:pPr></w:p><w:p w14:paraId="16983370" w14:textId="77777777" w:rsidR="00AB39A0" w:rsidRDefault="00490D96"><w:pPr><w:pStyle w:val="NormalWeb"/><w:shd w:val="clear" w:color="auto" w:fill="FFFFFF"/><w:spacing w:before="0" w:after="390" w:line="360" w:lineRule="auto"/><w:textAlignment w:val="baseline"/><w:rPr><w:rFonts w:ascii="Calibri" w:eastAsia="Calibri" w:hAnsi="Calibri" w:cs="Calibri"/><w:bCs/><w:sz w:val="28"/><w:szCs w:val="26"/></w:rPr></w:pPr><w:r><w:rPr><w:rFonts w:ascii="Calibri" w:eastAsia="Calibri" w:hAnsi="Calibri" w:cs="Calibri"/><w:bCs/><w:noProof/><w:sz w:val="28"/><w:szCs w:val="26"/><w:lang w:val="en-US" w:eastAsia="en-US"/></w:rPr><w:drawing><wp:inline distT="0" distB="0" distL="0" distR="0" wp14:anchorId="5A7B5B7B" wp14:editId="49715A38"><wp:extent cx="5731510" cy="3225165"/><wp:effectExtent l="0" t="0" r="2540" b="0"/><wp:docPr id="2" name="Picture 2"/><wp:cNvGraphicFramePr><a:graphicFrameLocks xmlns:a="http://schemas.openxmlformats.org/drawingml/2006/main" noChangeAspect="1"/></wp:cNvGraphicFramePr><a:graphic xmlns:a="http://schemas.openxmlformats.org/drawingml/2006/main"><a:graphicData uri="http://schemas.openxmlformats.org/drawingml/2006/picture"><pic:pic xmlns:pic="http://schemas.openxmlformats.org/drawingml/2006/picture"><pic:nvPicPr><pic:cNvPr id="2" name="Picture 2"/><pic:cNvPicPr><a:picLocks noChangeAspect="1"/></pic:cNvPicPr></pic:nvPicPr><pic:blipFill><a:blip r:embed="rId9"><a:extLst><a:ext uri="{28A0092B-C50C-407E-A947-70E740481C1C}"><a14:useLocalDpi xmlns:a14="http://schemas.microsoft.com/office/drawing/2010/main" val="0"/></a:ext></a:extLst></a:blip><a:stretch><a:fillRect/></a:stretch></pic:blipFill><pic:spPr><a:xfrm><a:off x="0" y="0"/><a:ext cx="5731510" cy="3225165"/></a:xfrm><a:prstGeom prst="rect"><a:avLst/></a:prstGeom></pic:spPr></pic:pic></a:graphicData></a:graphic></wp:inline></w:drawing></w:r></w:p><w:p w14:paraId="67FA0E1A" w14:textId="77777777" w:rsidR="00AB39A0" w:rsidRDefault="00AB39A0"><w:pPr><w:rPr><w:b/><w:bCs/><w:i/><w:iCs/><w:sz w:val="32"/><w:szCs w:val="32"/></w:rPr></w:pPr></w:p><w:p w14:paraId="7EFBE10B" w14:textId="77777777" w:rsidR="00AB39A0" w:rsidRDefault="00AB39A0"><w:pPr><w:rPr><w:b/><w:bCs/><w:i/><w:iCs/><w:sz w:val="32"/><w:szCs w:val="32"/><w:u w:val="single"/></w:rPr></w:pPr></w:p><w:p w14:paraId="1FF56EE4" w14:textId="77777777" w:rsidR="00AB39A0" w:rsidRDefault="00AB39A0"><w:pPr><w:rPr><w:b/><w:bCs/><w:i/><w:iCs/><w:sz w:val="32"/><w:szCs w:val="32"/><w:u w:val="single"/></w:rPr></w:pPr></w:p><w:p w14:paraId="25ABD91A" w14:textId="77777777" w:rsidR="00AB39A0" w:rsidRDefault="00AB39A0"><w:pPr><w:rPr><w:b/><w:bCs/><w:i/><w:iCs/><w:sz w:val="32"/><w:szCs w:val="32"/><w:u w:val="single"/></w:rPr></w:pPr></w:p><w:p w14:paraId="4CB47DBB" w14:textId="77777777" w:rsidR="00AB39A0" w:rsidRDefault="00AB39A0"><w:pPr><w:rPr><w:b/><w:bCs/><w:i/><w:iCs/><w:sz w:val="32"/><w:szCs w:val="32"/><w:u w:val="single"/></w:rPr></w:pPr></w:p><w:p w14:paraId="43484D1E" w14:textId="77777777" w:rsidR="00AB39A0" w:rsidRDefault="00AB39A0"><w:pPr><w:rPr><w:b/><w:bCs/><w:i/><w:iCs/><w:sz w:val="32"/><w:szCs w:val="32"/><w:u w:val="single"/></w:rPr></w:pPr></w:p><w:p w14:paraId="47C35E1A" w14:textId="77777777" w:rsidR="00AB39A0" w:rsidRDefault="00AB39A0"><w:pPr><w:rPr><w:b/><w:bCs/><w:i/><w:iCs/><w:sz w:val="32"/><w:szCs w:val="32"/><w:u w:val="single"/></w:rPr></w:pPr></w:p><w:p w14:paraId="2CFDDBFF" w14:textId="77777777" w:rsidR="00AB39A0" w:rsidRDefault="00490D96"><w:pPr><w:pStyle w:val="ListParagraph"/><w:numPr><w:ilvl w:val="0"/><w:numId w:val="1"/></w:numPr><w:rPr><w:b/><w:bCs/><w:i/><w:iCs/><w:sz w:val="32"/><w:szCs w:val="32"/><w:u w:val="single"/></w:rPr></w:pPr><w:r><w:rPr><w:b/><w:bCs/><w:i/><w:iCs/><w:sz w:val="32"/><w:szCs w:val="32"/><w:u w:val="single"/></w:rPr><w:lastRenderedPageBreak/><w:t>System Requirement</w:t></w:r></w:p><w:p w14:paraId="21ED833B" w14:textId="77777777" w:rsidR="00AB39A0" w:rsidRDefault="00AB39A0"><w:pPr><w:pStyle w:val="ListParagraph"/><w:rPr><w:b/><w:bCs/><w:i/><w:iCs/><w:sz w:val="32"/><w:szCs w:val="32"/><w:u w:val="single"/></w:rPr></w:pPr></w:p><w:p w14:paraId="2FD02DC0" w14:textId="77777777" w:rsidR="00AB39A0" w:rsidRDefault="00490D96"><w:pPr><w:pStyle w:val="ListParagraph"/><w:numPr><w:ilvl w:val="0"/><w:numId w:val="3"/></w:numPr><w:rPr><w:b/><w:bCs/><w:i/><w:iCs/><w:sz w:val="32"/><w:szCs w:val="32"/><w:u w:val="single"/></w:rPr></w:pPr><w:r><w:rPr><w:b/><w:bCs/><w:i/><w:iCs/><w:sz w:val="32"/><w:szCs w:val="32"/><w:u w:val="single"/></w:rPr><w:t>Hardware Requirement</w:t></w:r></w:p><w:p w14:paraId="6077E4E2" w14:textId="77777777" w:rsidR="00AB39A0" w:rsidRDefault="00AB39A0"><w:pPr><w:pStyle w:val="ListParagraph"/><w:ind w:left="1440"/><w:rPr><w:b/><w:bCs/><w:i/><w:iCs/><w:sz w:val="32"/><w:szCs w:val="32"/><w:u w:val="single"/></w:rPr></w:pPr></w:p><w:p w14:paraId="72948C8A" w14:textId="77777777" w:rsidR="00AB39A0" w:rsidRDefault="00490D96"><w:pPr><w:pStyle w:val="ListParagraph"/><w:numPr><w:ilvl w:val="0"/><w:numId w:val="4"/></w:numPr><w:rPr><w:b/><w:bCs/><w:i/><w:iCs/><w:sz w:val="32"/><w:szCs w:val="32"/><w:u w:val="single"/></w:rPr></w:pPr><w:r><w:rPr><w:b/><w:bCs/><w:sz w:val="28"/><w:szCs w:val="28"/></w:rPr><w:t>Laptop or PC</w:t></w:r></w:p><w:p w14:paraId="47E06D30" w14:textId="77777777" w:rsidR="00AB39A0" w:rsidRDefault="00490D96"><w:pPr><w:pStyle w:val="ListParagraph"/><w:numPr><w:ilvl w:val="0"/><w:numId w:val="5"/></w:numPr><w:rPr><w:b/><w:bCs/><w:i/><w:iCs/><w:sz w:val="32"/><w:szCs w:val="32"/><w:u w:val="single"/></w:rPr></w:pPr><w:r><w:rPr><w:sz w:val="28"/><w:szCs w:val="28"/></w:rPr><w:t>I3 processor system or higher</w:t></w:r></w:p><w:p w14:paraId="07C9A960" w14:textId="77777777" w:rsidR="00AB39A0" w:rsidRDefault="00490D96"><w:pPr><w:pStyle w:val="ListParagraph"/><w:numPr><w:ilvl w:val="0"/><w:numId w:val="5"/></w:numPr><w:rPr><w:b/><w:bCs/><w:i/><w:iCs/><w:sz w:val="32"/><w:szCs w:val="32"/><w:u w:val="single"/></w:rPr></w:pPr><w:r><w:rPr><w:sz w:val="28"/><w:szCs w:val="28"/></w:rPr><w:t>4 GB RAM or higher</w:t></w:r></w:p><w:p w14:paraId="5E7380AB" w14:textId="77777777" w:rsidR="00AB39A0" w:rsidRDefault="00490D96"><w:pPr><w:pStyle w:val="ListParagraph"/><w:numPr><w:ilvl w:val="0"/><w:numId w:val="5"/></w:numPr><w:rPr><w:b/><w:bCs/><w:i/><w:iCs/><w:sz w:val="32"/><w:szCs w:val="32"/><w:u w:val="single"/></w:rPr></w:pPr><w:r><w:rPr><w:sz w:val="28"/><w:szCs w:val="28"/></w:rPr><w:t>100 GB ROM or higher</w:t></w:r></w:p><w:p w14:paraId="101C1430" w14:textId="77777777" w:rsidR="00AB39A0" w:rsidRDefault="00AB39A0"><w:pPr><w:rPr><w:b/><w:bCs/><w:i/><w:iCs/><w:sz w:val="32"/><w:szCs w:val="32"/><w:u w:val="single"/></w:rPr></w:pPr></w:p><w:p w14:paraId="203F36C7" w14:textId="77777777" w:rsidR="00AB39A0" w:rsidRDefault="00490D96"><w:pPr><w:pStyle w:val="ListParagraph"/><w:numPr><w:ilvl w:val="0"/><w:numId w:val="4"/></w:numPr><w:rPr><w:b/><w:bCs/><w:sz w:val="28"/><w:szCs w:val="28"/></w:rPr></w:pPr><w:r><w:rPr><w:b/><w:bCs/><w:sz w:val="28"/><w:szCs w:val="28"/></w:rPr><w:t>Android Phone (6.0 and above)</w:t></w:r></w:p><w:p w14:paraId="342532C1" w14:textId="77777777" w:rsidR="00AB39A0" w:rsidRDefault="00AB39A0"><w:pPr><w:rPr><w:b/><w:bCs/><w:i/><w:iCs/><w:sz w:val="32"/><w:szCs w:val="32"/><w:u w:val="single"/></w:rPr></w:pPr></w:p><w:p w14:paraId="1218F460" w14:textId="77777777" w:rsidR="00AB39A0" w:rsidRDefault="00490D96"><w:pPr><w:pStyle w:val="ListParagraph"/><w:numPr><w:ilvl w:val="0"/><w:numId w:val="3"/></w:numPr><w:rPr><w:b/><w:bCs/><w:i/><w:iCs/><w:sz w:val="32"/><w:szCs w:val="32"/><w:u w:val="single"/></w:rPr></w:pPr><w:r><w:rPr><w:b/><w:bCs/><w:i/><w:iCs/><w:sz w:val="32"/><w:szCs w:val="32"/><w:u w:val="single"/></w:rPr><w:t>Software Requirement</w:t></w:r></w:p><w:p w14:paraId="6263CDAE" w14:textId="77777777" w:rsidR="00AB39A0" w:rsidRDefault="00AB39A0"><w:pPr><w:pStyle w:val="ListParagraph"/><w:ind w:left="1440"/><w:rPr><w:b/><w:bCs/><w:sz w:val="28"/><w:szCs w:val="28"/></w:rPr></w:pPr></w:p><w:p w14:paraId="29D67F01" w14:textId="77777777" w:rsidR="00AB39A0" w:rsidRDefault="00490D96"><w:pPr><w:pStyle w:val="ListParagraph"/><w:numPr><w:ilvl w:val="0"/><w:numId w:val="4"/></w:numPr><w:rPr><w:b/><w:bCs/><w:sz w:val="28"/><w:szCs w:val="28"/></w:rPr></w:pPr><w:r><w:rPr><w:b/><w:bCs/><w:sz w:val="28"/><w:szCs w:val="28"/></w:rPr><w:t>Laptop or PC</w:t></w:r></w:p><w:p w14:paraId="24D30755" w14:textId="77777777" w:rsidR="00AB39A0" w:rsidRDefault="00490D96"><w:pPr><w:pStyle w:val="ListParagraph"/><w:numPr><w:ilvl w:val="0"/><w:numId w:val="6"/></w:numPr><w:rPr><w:sz w:val="28"/><w:szCs w:val="28"/></w:rPr></w:pPr><w:r><w:rPr><w:sz w:val="28"/><w:szCs w:val="28"/></w:rPr><w:t>Windows 7 or higher</w:t></w:r></w:p><w:p w14:paraId="4ECD03AC" w14:textId="77777777" w:rsidR="00AB39A0" w:rsidRDefault="00490D96"><w:pPr><w:pStyle w:val="ListParagraph"/><w:numPr><w:ilvl w:val="0"/><w:numId w:val="6"/></w:numPr><w:rPr><w:b/><w:bCs/><w:sz w:val="28"/><w:szCs w:val="28"/></w:rPr></w:pPr><w:r><w:rPr><w:sz w:val="28"/><w:szCs w:val="28"/></w:rPr><w:t>Android Studio</w:t></w:r></w:p><w:p w14:paraId="2A12B560" w14:textId="77777777" w:rsidR="00AB39A0" w:rsidRDefault="00AB39A0"><w:pPr><w:ind w:left="1440"/><w:rPr><w:b/><w:bCs/><w:sz w:val="28"/><w:szCs w:val="28"/></w:rPr></w:pPr></w:p><w:p w14:paraId="2AC50030" w14:textId="77777777" w:rsidR="00AB39A0" w:rsidRDefault="00AB39A0"><w:pPr><w:rPr><w:b/><w:bCs/><w:i/><w:iCs/><w:sz w:val="32"/><w:szCs w:val="32"/><w:u w:val="single"/></w:rPr></w:pPr></w:p><w:p w14:paraId="62A502E2" w14:textId="77777777" w:rsidR="00AB39A0" w:rsidRDefault="00AB39A0"><w:pPr><w:rPr><w:b/><w:bCs/><w:i/><w:iCs/><w:sz w:val="32"/><w:szCs w:val="32"/><w:u w:val="single"/></w:rPr></w:pPr></w:p><w:p w14:paraId="6F6C82F2" w14:textId="77777777" w:rsidR="00AB39A0" w:rsidRDefault="00AB39A0"><w:pPr><w:rPr><w:b/><w:bCs/><w:i/><w:iCs/><w:sz w:val="32"/><w:szCs w:val="32"/><w:u w:val="single"/></w:rPr></w:pPr></w:p><w:p w14:paraId="30E87EDE" w14:textId="77777777" w:rsidR="00AB39A0" w:rsidRDefault="00AB39A0"><w:pPr><w:rPr><w:b/><w:bCs/><w:i/><w:iCs/><w:sz w:val="32"/><w:szCs w:val="32"/><w:u w:val="single"/></w:rPr></w:pPr></w:p><w:p w14:paraId="6257D55A" w14:textId="77777777" w:rsidR="00AB39A0" w:rsidRDefault="00AB39A0"><w:pPr><w:rPr><w:b/><w:bCs/><w:i/><w:iCs/><w:sz w:val="32"/><w:szCs w:val="32"/><w:u w:val="single"/></w:rPr></w:pPr></w:p><w:p w14:paraId="5EA0BB34" w14:textId="77777777" w:rsidR="00AB39A0" w:rsidRDefault="00AB39A0"><w:pPr><w:rPr><w:b/><w:bCs/><w:i/><w:iCs/><w:sz w:val="32"/><w:szCs w:val="32"/><w:u w:val="single"/></w:rPr></w:pPr></w:p><w:p w14:paraId="573AAE1A" w14:textId="77777777" w:rsidR="00AB39A0" w:rsidRDefault="00490D96"><w:pPr><w:rPr><w:b/><w:bCs/><w:i/><w:iCs/><w:sz w:val="32"/><w:szCs w:val="32"/><w:u w:val="single"/></w:rPr></w:pPr><w:r><w:rPr><w:b/><w:bCs/><w:i/><w:iCs/><w:sz w:val="32"/><w:szCs w:val="32"/><w:u w:val="single"/></w:rPr><w:br w:type="page"/></w:r></w:p><w:p w14:paraId="01361116" w14:textId="77777777" w:rsidR="00AB39A0" w:rsidRDefault="00490D96"><w:pPr><w:pStyle w:val="ListParagraph"/><w:numPr><w:ilvl w:val="0"/><w:numId w:val="1"/></w:numPr><w:rPr><w:b/><w:bCs/><w:i/><w:iCs/><w:sz w:val="32"/><w:szCs w:val="32"/><w:u w:val="single"/></w:rPr></w:pPr><w:r><w:rPr><w:b/><w:bCs/><w:i/><w:iCs/><w:sz w:val="32"/><w:szCs w:val="32"/><w:u w:val="single"/></w:rPr><w:lastRenderedPageBreak/><w:t>Limitation/Disadvantages</w:t></w:r></w:p><w:p w14:paraId="123A3337" w14:textId="77777777" w:rsidR="00AB39A0" w:rsidRDefault="00AB39A0"><w:pPr><w:pStyle w:val="ListParagraph"/><w:rPr><w:b/><w:bCs/><w:i/><w:iCs/><w:sz w:val="32"/><w:szCs w:val="32"/><w:u w:val="single"/></w:rPr></w:pPr></w:p><w:p w14:paraId="5DCB7DA0" w14:textId="77777777" w:rsidR="00AB39A0" w:rsidRDefault="00490D96"><w:pPr><w:pStyle w:val="ListParagraph"/><w:numPr><w:ilvl w:val="0"/><w:numId w:val="7"/></w:numPr><w:rPr><w:b/><w:bCs/><w:i/><w:iCs/><w:sz w:val="28"/><w:szCs w:val="28"/><w:u w:val="single"/></w:rPr></w:pPr><w:r><w:rPr><w:sz w:val="28"/><w:szCs w:val="28"/></w:rPr><w:t>There can be case of false alarm if user fails to stop the false alarm in time which is not handled by this system.</w:t></w:r></w:p><w:p w14:paraId="629F54C1" w14:textId="77777777" w:rsidR="00AB39A0" w:rsidRDefault="00490D96"><w:pPr><w:pStyle w:val="ListParagraph"/><w:numPr><w:ilvl w:val="0"/><w:numId w:val="7"/></w:numPr><w:rPr><w:b/><w:bCs/><w:i/><w:iCs/><w:sz w:val="28"/><w:szCs w:val="28"/><w:u w:val="single"/></w:rPr></w:pPr><w:r><w:rPr><w:sz w:val="28"/><w:szCs w:val="28"/></w:rPr><w:t>Internet is required for sending accident detection report from user app. If there is no active internet then accident report sending fails.</w:t></w:r></w:p><w:p w14:paraId="15834862" w14:textId="77777777" w:rsidR="00AB39A0" w:rsidRDefault="00AB39A0"><w:pPr><w:rPr><w:b/><w:bCs/><w:i/><w:iCs/><w:sz w:val="32"/><w:szCs w:val="32"/><w:u w:val="single"/></w:rPr></w:pPr></w:p><w:p w14:paraId="687C8A07" w14:textId="77777777" w:rsidR="00AB39A0" w:rsidRDefault="00490D96"><w:pPr><w:pStyle w:val="ListParagraph"/><w:numPr><w:ilvl w:val="0"/><w:numId w:val="1"/></w:numPr><w:rPr><w:b/><w:bCs/><w:i/><w:iCs/><w:sz w:val="32"/><w:szCs w:val="32"/><w:u w:val="single"/><w:lang w:val="en-US"/></w:rPr></w:pPr><w:r><w:rPr><w:b/><w:bCs/><w:i/><w:iCs/><w:sz w:val="32"/><w:szCs w:val="32"/><w:u w:val="single"/></w:rPr><w:t xml:space="preserve">Application </w:t></w:r><w:r><w:rPr><w:sz w:val="28"/><w:szCs w:val="28"/></w:rPr><w:t>– This system has great scope which can be implemented on a large scale by medical teams and police authorities together to address and handle accident cases more efficiently.</w:t></w:r></w:p><w:p w14:paraId="0CC811C0" w14:textId="77777777" w:rsidR="00AB39A0" w:rsidRDefault="00AB39A0"><w:pPr><w:pStyle w:val="ListParagraph"/><w:rPr><w:b/><w:bCs/><w:i/><w:iCs/><w:sz w:val="32"/><w:szCs w:val="32"/><w:u w:val="single"/></w:rPr></w:pPr></w:p><w:p w14:paraId="725DB91B" w14:textId="1AAD3836" w:rsidR="00AB39A0" w:rsidRDefault="00490D96"><w:pPr><w:pStyle w:val="ListParagraph"/><w:numPr><w:ilvl w:val="0"/><w:numId w:val="1"/></w:numPr><w:rPr><w:b/><w:bCs/><w:i/><w:iCs/><w:sz w:val="32"/><w:szCs w:val="32"/><w:u w:val="single"/></w:rPr></w:pPr><w:r><w:rPr><w:b/><w:bCs/><w:i/><w:iCs/><w:sz w:val="32"/><w:szCs w:val="32"/><w:u w:val="single"/></w:rPr><w:t>Reference</w:t></w:r></w:p><w:p w14:paraId="28C4EB98" w14:textId="77777777" w:rsidR="001D4D13" w:rsidRPr="001D4D13" w:rsidRDefault="001D4D13" w:rsidP="001D4D13"><w:pPr><w:pStyle w:val="ListParagraph"/><w:rPr><w:sz w:val="28"/><w:szCs w:val="28"/></w:rPr></w:pPr></w:p><w:p w14:paraId="02524244" w14:textId="3C4BCE63" w:rsidR="001D4D13" w:rsidRPr="001D4D13" w:rsidRDefault="001D4D13" w:rsidP="001D4D13"><w:pPr><w:pStyle w:val="ListParagraph"/><w:numPr><w:ilvl w:val="0"/><w:numId w:val="11"/></w:numPr><w:rPr><w:sz w:val="28"/><w:szCs w:val="28"/></w:rPr></w:pPr><w:r w:rsidRPr="001D4D13"><w:rPr><w:sz w:val="28"/><w:szCs w:val="28"/></w:rPr><w:t>https://ieeexplore.ieee.org/abstract/document/8117791</w:t></w:r></w:p><w:p w14:paraId="10933028" w14:textId="77777777" w:rsidR="00AB39A0" w:rsidRDefault="00AB39A0"><w:pPr><w:pStyle w:val="ListParagraph"/><w:ind w:left="1770"/><w:rPr><w:sz w:val="28"/><w:szCs w:val="28"/></w:rPr></w:pPr></w:p><w:p w14:paraId="79AB1F02" w14:textId="77777777" w:rsidR="00AB39A0" w:rsidRDefault="00AB39A0"><w:pPr><w:rPr><w:b/><w:bCs/><w:i/><w:iCs/><w:sz w:val="32"/><w:szCs w:val="32"/><w:u w:val="single"/></w:rPr></w:pPr></w:p><w:p w14:paraId="34D17D93" w14:textId="77777777" w:rsidR="00AB39A0" w:rsidRDefault="00AB39A0"><w:pPr><w:rPr><w:b/><w:bCs/><w:i/><w:iCs/><w:sz w:val="32"/><w:szCs w:val="32"/><w:u w:val="single"/></w:rPr></w:pPr></w:p><w:p w14:paraId="63CB2EF7" w14:textId="77777777" w:rsidR="00AB39A0" w:rsidRDefault="00AB39A0"><w:pPr><w:rPr><w:b/><w:bCs/><w:i/><w:iCs/><w:sz w:val="32"/><w:szCs w:val="32"/><w:u w:val="single"/></w:rPr></w:pPr></w:p><w:p w14:paraId="04D5AD46" w14:textId="77777777" w:rsidR="00AB39A0" w:rsidRDefault="00AB39A0"><w:pPr><w:rPr><w:b/><w:bCs/><w:i/><w:iCs/><w:sz w:val="32"/><w:szCs w:val="32"/><w:u w:val="single"/></w:rPr></w:pPr></w:p><w:p w14:paraId="14650D5B" w14:textId="77777777" w:rsidR="00AB39A0" w:rsidRDefault="00AB39A0"><w:pPr><w:rPr><w:b/><w:bCs/><w:i/><w:iCs/><w:sz w:val="32"/><w:szCs w:val="32"/><w:u w:val="single"/></w:rPr></w:pPr></w:p><w:p w14:paraId="03BE1502" w14:textId="77777777" w:rsidR="00AB39A0" w:rsidRDefault="00AB39A0"><w:pPr><w:rPr><w:b/><w:bCs/><w:i/><w:iCs/><w:sz w:val="32"/><w:szCs w:val="32"/><w:u w:val="single"/></w:rPr></w:pPr></w:p><w:p w14:paraId="2E38A301" w14:textId="77777777" w:rsidR="00AB39A0" w:rsidRDefault="00AB39A0"><w:pPr><w:rPr><w:b/><w:bCs/><w:i/><w:iCs/><w:sz w:val="32"/><w:szCs w:val="32"/><w:u w:val="single"/></w:rPr></w:pPr></w:p><w:p w14:paraId="4DD21675" w14:textId="77777777" w:rsidR="00AB39A0" w:rsidRDefault="00AB39A0"><w:pPr><w:rPr><w:b/><w:bCs/><w:i/><w:iCs/><w:sz w:val="32"/><w:szCs w:val="32"/><w:u w:val="single"/></w:rPr></w:pPr></w:p><w:p w14:paraId="0FB47015" w14:textId="77777777" w:rsidR="00AB39A0" w:rsidRDefault="00AB39A0"><w:pPr><w:rPr><w:b/><w:bCs/><w:i/><w:iCs/><w:sz w:val="32"/><w:szCs w:val="32"/><w:u w:val="single"/></w:rPr></w:pPr></w:p><w:p w14:paraId="183C867C" w14:textId="2809DDE6" w:rsidR="00AB39A0" w:rsidRDefault="00AB39A0"><w:pPr><w:rPr><w:b/><w:bCs/><w:i/><w:iCs/><w:sz w:val="32"/><w:szCs w:val="32"/><w:u w:val="single"/></w:rPr></w:pPr></w:p><w:p w14:paraId="65000701" w14:textId="77777777" w:rsidR="00AB39A0" w:rsidRDefault="00AB39A0"><w:pPr><w:rPr><w:b/><w:bCs/><w:i/><w:iCs/><w:sz w:val="32"/><w:szCs w:val="32"/><w:u w:val="single"/></w:rPr></w:pPr></w:p><w:p w14:paraId="4D19A7E6" w14:textId="77777777" w:rsidR="00AB39A0" w:rsidRDefault="00AB39A0"><w:pPr><w:rPr><w:b/><w:bCs/><w:i/><w:iCs/><w:sz w:val="32"/><w:szCs w:val="32"/><w:u w:val="single"/></w:rPr></w:pPr></w:p><w:sectPr w:rsidR="00AB39A0"><w:headerReference w:type="even" r:id="rId10"/><w:headerReference w:type="default" r:id="rId11"/><w:footerReference w:type="even" r:id="rId12"/><w:footerReference w:type="default" r:id="rId13"/><w:headerReference w:type="first" r:id="rId14"/><w:footerReference w:type="first" r:id="rId15"/><w:pgSz w:w="11906" w:h="16838"/><w:pgMar w:top="1440" w:right="1440" w:bottom="1440" w:left="1440" w:header="708" w:footer="708" w:gutter="0"/><w:pgBorders w:offsetFrom="page"><w:top w:val="single" w:sz="4" w:space="24" w:color="auto"/><w:left w:val="single" w:sz="4" w:space="24" w:color="auto"/><w:bottom w:val="single" w:sz="4" w:space="24" w:color="auto"/><w:right w:val="single" w:sz="4" w:space="24" w:color="auto"/></w:pgBorders><w:cols w:space="708"/><w:docGrid w:linePitch="360"/></w:sectPr></w:body></w:document>