<?xml version="1.0" encoding="UTF-8" standalone="yes"?>
<w:fonts xmlns:mc="http://schemas.openxmlformats.org/markup-compatibility/2006" xmlns:r="http://schemas.openxmlformats.org/officeDocument/2006/relationships" xmlns:w="http://schemas.openxmlformats.org/wordprocessingml/2006/main" xmlns:w14="http://schemas.microsoft.com/office/word/2010/wordml" xmlns:w15="http://schemas.microsoft.com/office/word/2012/wordml" mc:Ignorable="w14 w15"><w:font w:name="Calibri"><w:panose1 w:val="020F0502020204030204"/><w:charset w:val="00"/><w:family w:val="swiss"/><w:pitch w:val="variable"/><w:sig w:usb0="E4002EFF" w:usb1="C000247B" w:usb2="00000009" w:usb3="00000000" w:csb0="000001FF" w:csb1="00000000"/></w:font><w:font w:name="Times New Roman"><w:panose1 w:val="02020603050405020304"/><w:charset w:val="00"/><w:family w:val="roman"/><w:pitch w:val="variable"/><w:sig w:usb0="E0002EFF" w:usb1="C000785B" w:usb2="00000009" w:usb3="00000000" w:csb0="000001FF" w:csb1="00000000"/></w:font><w:font w:name="Symbol"><w:panose1 w:val="05050102010706020507"/><w:charset w:val="02"/><w:family w:val="roman"/><w:pitch w:val="variable"/><w:sig w:usb0="00000000" w:usb1="10000000" w:usb2="00000000" w:usb3="00000000" w:csb0="80000000" w:csb1="00000000"/></w:font><w:font w:name="Wingdings"><w:panose1 w:val="05000000000000000000"/><w:charset w:val="02"/><w:family w:val="auto"/><w:pitch w:val="variable"/><w:sig w:usb0="00000000" w:usb1="10000000" w:usb2="00000000" w:usb3="00000000" w:csb0="80000000" w:csb1="00000000"/></w:font><w:font w:name="Courier New"><w:panose1 w:val="02070309020205020404"/><w:charset w:val="00"/><w:family w:val="modern"/><w:pitch w:val="fixed"/><w:sig w:usb0="E0002EFF" w:usb1="C0007843" w:usb2="00000009" w:usb3="00000000" w:csb0="000001FF" w:csb1="00000000"/></w:font><w:font w:name="Calibri Light"><w:panose1 w:val="020F0302020204030204"/><w:charset w:val="00"/><w:family w:val="swiss"/><w:pitch w:val="variable"/><w:sig w:usb0="E4002EFF" w:usb1="C000247B" w:usb2="00000009" w:usb3="00000000" w:csb0="000001FF" w:csb1="00000000"/></w:font><w:font w:name="等线 Light"><w:altName w:val="Segoe Print"/><w:charset w:val="00"/><w:family w:val="auto"/><w:pitch w:val="default"/></w:font><w:font w:name="等线"><w:panose1 w:val="00000000000000000000"/><w:charset w:val="80"/><w:family w:val="roman"/><w:notTrueType/><w:pitch w:val="default"/></w:font></w:fonts>